Size,BST/Insert,BST/Remove,BST/Search,DLL/Insert at the back,DLL/Insert at the front,DLL/Remove from the back,DLL/Remove from the front,DLL/Search,Hash Table/Insert,Hash Table/Remove,Hash Table/Search,SLL/Insert at the back,SLL/Insert at the front,SLL/Remove from the back,SLL/Remove from the front,SLL/Search,Vector/Insert at the back,Vector/Insert at the front,Vector/Remove from the back,Vector/Remove from the front,Vector/Search
250,312113,183175,61482,719156,117765,47552,48195,202399,3559888,81172,27708,188513,119184,151911,39891,151798,158648,1214189,48764,697670,104108
500,33667289,177448,33035,138389,96025,45134,77418,848704,235661,84891,25626,689569,100786,697298,36549,734919,168971,3437589,41897,2182064,340429
750,276226,44487438,40850,136131,94078,42175,66471,1670378,213538,90536,25870,1353169,101278,1248853,36489,1295696,163738,5585385,39461,3547977,572210
1000,261868,166975,41154,131339,95665,44955,61929,2559657,206418,96481,25978,1895617,123265,1899790,40073,1824959,100989,7736725,35142,4973228,877187
1250,280684,140629,41350,130497,107606,41802,55523,3328263,266829,95005,26188,2388477,137678,2751637,40587,2339385,224698,10013965,49763,6339471,1035711
1500,280919,128802,41547,131827,110838,40208,57318,4060605,196287,104314,45822,2911041,144289,3608955,41486,2840467,109061,12179005,33600,7812083,1231131
1750,280369,134685,43497,124978,107597,39047,57635,4740319,269528,102602,29745,3409397,137369,4399552,44844,3365381,98485,14362561,31243,9210342,1508173
2000,281769,181408,44774,123737,109897,40026,58080,5398225,208797,105416,29843,3920623,184913,5108967,44860,3889097,100110,16522850,30189,10617781,1671646
2250,281922,142466,43855,128522,119881,95963,53589,6090651,218179,106993,30186,4445952,147450,5861311,46745,4419681,398394,18943103,30376,11879135,1891819
2500,300916,144810,45231,124872,119016,38268,57422,6681900,488227,111951,23371,4954930,145081,6491196,40320,4998270,109769,21160076,29876,13496321,2154293
2750,299021,153675,45271,122039,118456,34688,56197,7323884,196838,113803,18026,5509198,141727,7054949,44661,5468031,103973,23148295,28947,14863331,2355328
3000,306271,154836,44224,120186,121819,39785,56604,8044039,202514,109622,18046,6057646,144424,7658565,46434,6053827,109736,25352164,27654,16344970,2564235
3250,319432,163788,43960,116067,121388,37278,59303,8633220,208044,116612,18034,6510300,138746,8339903,50955,6559585,99411,27501501,29882,17705014,2770741
3500,327021,172612,43896,114425,117921,40874,60259,9359506,219110,112715,18177,7048817,143001,9000049,56077,7106516,103921,29824449,29957,19074514,3040867
3750,318660,171829,44687,114927,110998,40015,60614,10338769,232001,118502,18074,7667154,135054,9659320,57819,8795857,103085,31943147,25369,20475075,3218201
4000,337336,185066,44142,113130,120110,35609,65933,14383957,227156,119433,18297,9617000,137438,10230111,58371,10955653,99017,34264516,27698,21658553,3446012
4250,390843,193342,44743,110628,116209,38937,70290,18402149,235799,116318,18685,13521801,138630,10931896,66272,17915218,611062,36536901,27458,23134261,3693306
4500,349760,195078,44541,108173,118316,43429,79533,24235320,229731,120212,18656,19553031,141070,13961952,66145,23819362,109757,39086623,27049,24808746,3910585
4750,348784,199191,45807,111875,110119,44795,59224,30350202,233704,124529,18768,25810538,136772,20535528,83273,31033963,107241,41330325,28502,26207724,4146006
5000,358903,210626,48027,112165,133492,44884,117443,34303891,244928,122135,18721,33850060,143836,25685134,80704,35280329,103737,43377227,27560,27613739,4361929
5250,359688,219751,44560,165577,138265,38700,66193,48328757,1032860,130215,23931,39580234,136563,34161917,56872,39851169,102202,45647347,25831,28926960,4601702
5500,368034,221022,44420,114184,121479,45014,66520,64278324,215526,166492,25684,48470206,143182,43951203,57158,47028967,104280,47702496,27027,30725257,4799415
5750,370497,230409,45916,112607,122929,45512,64296,77245211,223802,126365,26739,53439989,137494,54916155,63356,51459498,102285,50368931,28384,34699643,7630819
6000,381024,235430,47581,110057,116974,38879,61387,91129016,228677,125420,25846,56027987,147769,66610096,64129,55405932,104682,54187397,25485,36505411,9539909
6250,385242,292356,48133,113306,124740,42184,65383,101886387,232435,124586,26443,58189572,144365,81432697,64988,62054248,101048,55397586,25961,40379159,12446910
6500,389081,247210,47188,107732,120113,42525,65769,111868817,229162,130953,25668,66270494,141122,103384531,63595,72548452,102866,58741234,25758,42176996,15277731
6750,453583,245839,48037,108886,115437,40807,60664,123161138,235357,131847,25672,74145906,138968,117019103,58637,80274780,101511,61987906,29018,43324291,16598862
7000,413848,259585,47233,111627,128646,43471,61840,134398472,234067,125899,26049,81546696,145485,130369999,60331,89489820,107405,64420796,27807,44478966,16984462
7250,398304,268078,48748,114436,130042,41219,62718,145638152,255239,128461,25469,94924155,144647,141516717,58330,99481759,109064,67842517,28861,46275055,17985512
7500,399066,253474,50352,108470,115308,41588,59523,153380934,243051,131996,25801,103772063,181550,153981432,59918,112185319,99185,71149476,27918,47387685,19320721
7750,399121,274961,49925,108705,113254,41358,64304,163759047,251267,123797,26224,120157658,139621,166076062,62948,126175997,102318,73233603,25503,49200040,20396148
8000,402277,274299,49884,104780,113492,40687,62023,174280472,247889,135984,26099,131304738,139821,176719233,65934,136142969,102162,75805191,26132,51028053,20762419
8250,403263,276720,51192,105008,115162,43447,62778,182107538,251264,130209,25951,148034319,136369,189036169,59588,148358810,1064238,79025815,25622,52076404,21647250
8500,419952,284316,50036,109583,125377,39355,62570,189283138,265101,132000,26141,165739118,137976,202246585,58382,159197634,140225,81639872,25228,54193375,21913396
8750,468537,286876,50006,107433,120844,39872,64921,195398252,246802,130313,27071,177889527,134447,212979863,59911,166979939,111410,84107158,24850,55530853,22129311
9000,431056,290801,50166,108465,120761,42971,63385,201484876,263676,130597,25816,187204238,139398,219908633,67166,173345391,105560,87842866,25500,57283583,22389935
9250,427208,359527,50411,111201,121375,41185,66136,209165435,262835,137555,26098,196017313,137548,228371513,58842,181003836,102858,90854785,23928,59372814,23043480
9500,418075,284907,51367,105574,122582,41351,66838,214321600,265692,134807,26071,203982721,139096,235620694,63769,187421401,105309,94034591,24594,62364881,24243532
9750,428143,300534,49986,105534,119485,42832,64432,219849125,273775,132394,26117,211643071,136119,246288532,62477,194279100,101550,97644526,24789,64714956,27011636
10000,427053,322524,51370,105523,122668,40320,62686,225655884,263184,134200,26395,218986739,139241,254421769,61361,200091507,98611,100959704,25141,68203619,30770234
10250,426023,324773,49575,106768,122202,40381,59812,231692781,266332,131827,26126,225959988,140828,261551297,63018,206241857,105617,103347003,24736,71129506,32272977
10500,427922,307197,49940,103965,121049,39114,60902,239139558,2083342,142916,19639,232216178,138334,269966774,64133,211858143,97307,106349311,26430,72426813,35701683
10750,446138,318217,49046,105687,122262,40165,61893,245078514,230645,131496,17920,238185543,138743,276261809,56695,217107702,104225,108771472,25224,74380734,38478285
11000,517382,321813,47017,105522,125625,40290,62139,252508070,238349,142698,17997,243812243,140311,283411251,59331,222452419,104221,110513291,24011,74810114,40348456
11250,451606,315023,47330,105186,120581,42005,63122,258918473,238352,173674,17967,249937816,135467,290502138,60930,227589666,99081,113847599,24637,77312394,41621109
11500,452973,334337,93379,104758,138978,40678,67446,267928653,224381,140804,17952,256149702,142912,298172446,64767,233323564,106298,116363400,25511,78871656,42788121
11750,450398,347726,47244,106418,123146,41781,61678,272168738,221046,128871,18652,262048219,138048,306335688,64449,239267454,104408,120266964,25666,81535960,43494443
12000,445760,393184,47070,103116,123591,39550,61756,279665061,226733,137769,18703,267623581,135821,315009195,63991,244844768,99899,123227127,23958,84910169,44483831
12250,443428,334113,47004,111292,123609,41997,62670,284399873,242119,140551,18663,273565666,139023,322509846,66789,250302404,101353,126545948,26018,89370312,47474239
12500,442004,324128,46639,102376,120770,37783,60391,286201069,223482,136542,18646,279893322,140079,329692813,63646,255684785,103186,131180457,24707,94603962,52137910
12750,448012,352283,47842,105167,124672,39415,64419,292639119,248324,136850,18718,285072391,136857,337104867,62454,260367701,100787,135083426,24492,97073075,53482577
13000,514475,352913,48567,102773,122972,40333,62535,298790036,243583,137621,18930,291074398,131485,343132694,60956,265365833,99413,137459570,23495,98618765,53811707
13250,452428,345337,49633,102175,120739,41315,60660,303749490,225886,134363,19106,296565139,179587,350183254,60134,270373592,101159,141141164,28232,101665163,55492963
13500,451099,355295,47896,106133,126020,41503,65720,308844047,308045,134686,18712,302289735,139542,356582155,64108,276156080,101324,143731965,25114,103990666,58792877
13750,470769,369441,47282,106063,117235,40747,60235,314250473,248478,137640,18698,308048987,133335,364368088,63890,281443119,121061,146417812,24548,106491466,60267422
14000,450588,360080,47145,102977,118897,40582,60951,319613040,232082,135365,19043,314078717,137493,371778241,65192,287034657,116471,150488151,24278,109394468,61339997
14250,467457,365514,47361,104014,120066,42692,61147,325083958,240386,137004,24650,319987242,138188,380225005,65328,292489078,105055,153245594,23779,112205656,62876045
14500,467575,442894,48145,104875,121331,41325,82082,330255981,237486,148075,24959,325280294,136526,387635209,67351,297811988,106228,156688623,25447,113660826,63858238
14750,485435,374275,68032,104004,115460,39180,61308,335637075,238774,138322,23895,331015984,135292,393857100,66812,302498515,100693,158111862,27382,116178972,65192011
15000,530847,389678,47214,105868,120672,42168,66424,340382049,260999,138678,24290,336580483,144137,400401176,63115,307532686,105384,161271767,23819,119203249,66510817
15250,485610,381808,47939,104764,119543,43682,61594,345457507,253884,142813,24576,341752198,136445,405959626,61456,312383792,107808,164575729,24122,120785746,67480744
15500,474235,374059,48656,102699,129006,42213,57935,350889756,266938,135385,25423,347752528,140085,411498837,64336,317854038,102011,168938747,22999,124170797,68740435
15750,477866,384738,47107,102523,119802,41020,59235,355846549,261706,129070,24715,353382650,132602,418382373,78072,323112919,99222,171471046,24994,127315522,69658863
16000,486866,381412,47718,103963,120245,38174,60227,360642343,260034,142921,24688,358774523,137845,426090096,136123,328009723,108150,175114245,23546,129987337,70917022
16250,472981,399275,49408,103013,119563,42495,58881,365702315,282589,136051,24805,364552228,135333,432718213,62883,332990606,101737,178062796,25763,132476462,72238375
16500,480230,399294,47918,104679,129377,40977,59981,370935369,267164,143748,24797,370478422,144998,439033544,60209,338086191,1937979,180269465,25891,136037408,73648248
16750,539632,446654,48632,100965,118975,38007,61324,374879967,322814,140124,25091,376088537,135905,445349560,62304,343230362,118423,182280697,23091,138620096,74535622
17000,489478,385579,48457,98108,119949,36433,60182,379983872,281868,188506,25637,381965310,136281,450579722,60458,348536837,105280,185146788,25296,141117485,75868079
17250,483563,393249,47656,102792,117879,39568,64964,385071057,281497,140799,24661,387387996,138265,456391608,64206,353045683,101171,187207951,23451,144010016,77268859
17500,500087,379838,48090,103381,120873,40242,61022,390065939,268774,141944,24635,392316942,136827,461203003,61665,358144605,111088,190706321,26597,147704091,78717536
17750,489369,394824,48499,100784,193400,41497,60449,395357330,263816,147248,25685,398258259,129474,468260825,61038,363190044,144974,192822791,24220,149111077,80228457
18000,490267,403566,48325,104910,117662,39887,63263,399917198,262561,145059,24350,403453212,134841,475575323,63557,368712420,105008,195975224,24870,152799817,81460528
18250,480567,413780,48002,97763,120039,39824,62250,405560042,281948,133601,24416,409117382,133079,482522334,61610,374018382,100899,198455465,48092,155342981,82840916
18500,495028,408317,48551,101501,122695,39972,59975,410297817,272395,148972,24615,415036967,139694,488712983,60888,379584134,101268,200344973,24522,158416296,85259622
18750,555041,409205,47713,102304,119622,37711,62627,415023766,272862,138896,24229,419955284,177316,495150572,63642,384046016,107793,202869821,23995,161951032,88379913
19000,509238,460700,47802,99558,121395,39071,59342,419714869,288095,145965,24561,425491165,136108,501133551,59416,389141516,99226,206116947,23891,166081627,93107314
19250,497388,411208,48347,99687,118609,39972,60266,424361758,282618,139157,24585,430866462,136353,507050134,61241,393930407,103508,208674868,23460,169437880,94136996
19500,488256,427948,48240,102796,126816,38436,61588,429570726,279443,156264,24667,436551155,138471,512266949,58478,399015580,102829,211401173,25864,171509098,96573577
19750,507167,430052,47436,160923,115502,37922,60998,434772131,298636,146914,24795,441825471,132483,519270554,60212,404510487,100982,214036981,22515,174300307,98795242
20000,513170,424443,47685,125440,124059,41483,60629,439758185,388520,157877,24875,446888280,140586,526627000,62320,408971518,101132,217270611,23125,177751673,100807670
20250,507157,409304,47789,100600,122447,38654,59491,444466863,277627,153274,25060,452637738,130754,533208238,64328,415042975,104369,219842091,24092,180144055,102695681
20500,550586,431496,48878,100006,120808,38669,57914,449805124,269733,152955,24647,458291049,133981,539644253,61340,420498829,100490,222168736,23135,183015323,103984584
20750,514630,427304,48018,100684,120838,39842,57717,454952838,275651,161010,24705,463894642,138143,546202343,61007,425067280,98084,224918390,23009,185359625,105724021
21000,508571,421174,47678,104677,127383,37750,59168,460130428,4469233,155692,19378,469389998,142371,552060868,62325,430031739,107320,227691988,24662,187652516,107302848
21250,520390,476971,47516,102915,124012,37517,57895,464730087,238901,145122,18473,475005253,138086,557488484,61391,434544976,102241,230760765,23765,190743602,108923947
21500,513945,435027,48767,102496,116462,39373,64566,469715700,232401,155646,18484,480328083,129493,562166975,64882,440077848,102280,232967340,23530,192615822,110485781
21750,509740,417206,47831,100015,123501,38677,61013,475020322,248412,164549,18485,486418704,135512,569059218,64355,444454343,103522,236128178,23433,195393959,111720976
22000,515298,436450,49446,100848,120931,40099,58029,479475101,241003,155566,18458,491941072,136234,575723750,64014,449946549,101128,238438054,23196,198572198,113205802
22250,573561,431342,49024,104539,123856,39156,54591,485403125,251443,205149,18500,496454089,136429,581630748,62861,455680762,105785,241728999,36292,200845203,114510397
22500,523672,442701,47852,101314,123781,40846,64601,490284265,237165,155425,18508,502050621,137818,588119456,64031,460988795,102536,244172403,27111,203190591,116247545
22750,519543,428538,50747,101348,123131,40548,56519,495136178,240370,152750,65704,507731687,136643,594564973,64278,465091739,106409,247056106,25347,205680392,117433374
23000,526610,444282,50591,98515,123394,39222,62981,499547039,314615,163411,18686,513286348,137217,600723427,64267,470245620,98837,249457978,39843,208788083,118847410
23250,520771,507076,51655,98403,124491,38010,61406,503926790,246169,149068,18548,518574890,131061,605800658,60029,475464282,105563,252934099,24536,211001488,120541744
23500,529305,454338,98924,98005,118714,39541,58870,508430637,257533,153032,18544,524047927,131898,611397919,63203,480234784,113055,254909925,23304,214214058,121804858
23750,518974,441819,50905,98234,123989,37526,58509,513338297,243778,158241,18516,529892154,130372,617931102,61415,485359393,98549,257838992,22007,216650424,123118222
24000,579771,448650,51004,100741,205005,38265,58294,518092985,247862,160903,18525,535214670,136410,623734937,60788,490947176,109663,260456048,26724,219251036,124509814
24250,542847,435991,50719,97109,125632,37908,59080,523431853,258061,154063,18551,540098981,133849,631511882,65132,495956311,103498,263387681,25480,222081499,125973226
24500,532752,458264,50480,99319,121058,38248,59020,528467779,243842,160504,18520,545836318,179032,638385761,62313,501253296,106551,266357902,23390,224457592,127525366
24750,532421,457179,51972,101724,119485,42068,99051,533578689,234065,157781,18519,551518592,137823,642681268,60936,505890969,102052,268720232,23032,227378029,128286893
25000,518297,460039,50535,100346,119853,39006,62952,538181475,239801,157698,23917,556832147,130559,647772920,64351,510705284,133705,271493362,23075,229468472,130059511
25250,539305,525996,51015,100586,120886,38695,60282,542913615,249046,163391,24769,562257131,134457,653252828,60820,516058049,110672,274745814,23450,232302767,131112993
25500,523257,460212,50792,98687,124884,38009,56685,547964478,241990,163879,24881,567819395,135531,659039875,55766,520706118,100132,277286769,25963,234337472,132897067
25750,569302,460763,50645,98363,122373,38890,60838,553100921,254959,152995,24345,573320192,134816,665955329,62393,525963906,102039,279958337,20649,237340554,133999277
26000,561241,460910,50964,98037,126906,35673,57919,558068021,236138,162313,25056,579227745,131157,672932349,66571,531334523,102818,282768896,23096,240128941,135429173
26250,540693,449572,51675,98347,116933,40870,56855,562273722,246893,152544,25727,585255307,134976,679037634,64873,536126365,101743,285477515,23316,243194424,136718483
26500,546541,491391,50178,101089,124026,39779,59378,567007876,262175,158791,25518,590627440,135096,685006932,64237,541271049,100209,288232825,23435,245019005,138096938
26750,548199,473079,50385,101867,124923,40409,61567,571447010,272800,159298,25527,596092359,138787,690633527,62559,545784623,104930,290782291,22495,247655907,139429521
27000,529420,474921,50604,98284,119651,39670,60384,576347590,262827,166909,25537,600998080,131027,695202058,68270,550673183,103501,293924659,25466,250419374,140874925
27250,532859,524754,50535,146866,121275,37133,60711,580715171,256139,200327,25640,606744246,133063,700738366,60730,555526901,100413,296313805,22763,254771773,142372974
27500,571012,484398,51407,98458,124081,38906,60260,585878505,262013,164476,25129,611970700,134408,706693689,60304,560299908,107888,299033070,23174,255867462,143637733
27750,544908,480901,50475,101317,123971,39595,62874,590065095,251230,155942,25266,617275662,139491,712952460,63807,565685494,107240,302040306,22619,258417224,144966729
28000,547666,471968,50437,100572,125126,38083,59626,595193499,258815,158982,25979,622990572,137503,720195302,63677,570544730,105923,304371596,22601,261367986,146265946
28250,553754,472760,51051,96746,124636,36286,56587,600128291,256506,160952,24910,628445974,137272,726578289,57337,575619943,104720,307401560,22696,264127284,147443074
28500,561286,466141,51989,101186,128552,42732,59446,605016820,263542,153652,24836,633483433,137252,732636653,61185,580989465,101169,310117810,21543,265914699,148886463
28750,536592,473638,52284,99378,117637,80545,54429,609794553,266429,156424,24082,639436842,135875,738605101,64214,585398151,104400,312523227,23641,268714958,150158584
29000,553165,501106,52063,98480,123942,37809,55596,615079841,257514,166551,24807,644575234,134290,744185746,58053,589888495,104997,317179524,24752,271502969,151677062
29250,605897,468783,50703,96759,120950,38903,60062,619582063,267211,170646,24102,649570560,129603,749653239,61260,594702772,102968,318599201,22692,273903016,152459521
29500,549253,493158,52086,96528,125144,39565,61449,624106487,261856,165071,24510,655405491,132763,755910047,62603,600459246,100889,320515225,21834,276758382,154079427
29750,549660,489826,53423,100102,125712,38752,55628,628613640,331878,164141,24497,660548284,133409,762367333,61526,605337551,107270,323782248,26155,279494129,155396628
30000,552492,507334,53594,98631,116172,37292,61001,633668498,274708,156544,24834,666115448,132259,769556095,60957,610555327,98559,326434344,23364,281863011,156375592
30250,554113,496939,55254,95592,178047,36597,53419,637693728,265493,153828,25387,671850006,132036,775900066,62306,616284612,102353,329157520,22863,284396309,158116967
30500,558457,505345,53153,98537,128737,39051,59247,642875322,261231,167284,26267,677180864,169638,782125201,62412,621130327,104420,331957582,22912,287450276,159483158
30750,614240,478854,53312,98281,122249,38834,60970,647278956,251243,167625,25066,682320781,132963,787499231,62674,626156323,101246,334371379,23031,289726349,160480340
31000,548889,542138,56568,96937,123752,42043,56186,651633398,260190,157492,25048,687703949,131508,792325115,59615,631091435,104407,337498557,23175,292417123,161860440
31250,558928,489501,56803,96720,121561,43477,57762,656236127,275672,166965,24016,693610446,128307,797512266,60146,636050341,100106,339821387,23954,294921136,163715155
31500,550778,475597,57630,97186,121635,41341,61415,661549314,259947,164161,24873,698785466,127582,802980723,59915,640877014,98136,343035422,23900,297711548,164435704
31750,542934,493277,55890,97491,117649,39438,58106,665526926,266387,168234,24953,704642227,128757,808335749,63077,646528089,104662,345297498,23526,300350807,166093745
32000,553991,510697,55822,97393,125685,38337,54905,670375523,257428,203813,24855,709152492,130864,815731028,62454,652375770,99697,347961334,23680,302389544,167075565
32250,563117,514069,56262,96723,126196,39008,53061,675380962,277602,158329,25221,714460545,130029,821735956,59678,657411472,102596,351818346,23821,305011386,168299455
32500,549663,509289,56640,94077,119508,40834,57979,679350464,257509,169571,25106,720525804,131553,829013875,63441,662113898,112493,353578505,25488,307775848,169768571
32750,567677,558974,56255,93543,122728,39309,58606,683971963,255999,151967,24592,726047734,122117,834694588,61531,667241787,104085,356593514,23109,310490248,171157881
33000,570988,505731,57567,96344,123821,37417,59525,688121731,309809,161373,25870,731277116,129549,839774103,62729,671502199,3741208,359293503,23985,313457973,172259461
33250,560776,511700,56054,98735,120546,40548,56046,692245059,265574,159893,24557,736988033,129778,844252613,61283,676181009,129182,361771193,22252,315676538,174028092
33500,560577,514253,55584,94887,128244,39353,59119,697066024,276875,164745,23935,742525239,135034,848607585,63221,681587380,103809,364279379,23016,318469942,175127277
33750,563365,507202,56007,92771,127608,37696,56013,701924973,263727,174002,24314,748363668,126241,855152163,59415,686166242,104831,367107950,21692,321279539,176427158
34000,621232,515088,56065,94867,121576,41139,53000,706289922,271346,159194,24065,754054351,128146,862049751,60636,690985885,103410,369799796,23781,323429547,177658206
34250,582158,515647,57153,96501,124940,37063,55030,711469972,273804,160344,24496,759374780,126113,868614795,59660,696668882,105140,372383193,23854,326230915,178800800
34500,573947,605077,55771,95116,121316,40368,60912,715709996,270599,164938,24227,765333698,122804,875183682,61689,700876056,100904,375588942,22263,328820346,180254494
34750,569715,532640,56336,140665,120175,40136,57907,720095816,289393,161800,24385,770749388,129059,880236403,59418,706078220,102749,377597382,23119,331666812,181956059
35000,569126,492374,56058,97459,126659,41187,53778,724680668,276360,166789,24888,775468884,124782,885598328,59421,710444727,104908,380937338,23619,333915198,182875453
35250,571663,524295,56352,96468,129677,39174,59153,729931103,273233,175040,24943,781140134,128185,890036973,61093,715283526,120894,383639127,23534,336736659,184121411
35500,577976,509107,58058,93564,124260,39571,55916,733743531,290930,164861,27600,785992942,123430,895350712,62806,721164193,122427,385952612,23030,339236684,185690773
35750,629831,525215,56330,96994,118385,41793,57595,739110246,281064,171179,25031,791597795,130196,901470763,65335,726565513,117207,389177603,23771,341813954,186780927
36000,585727,533467,56806,95244,122976,40936,53573,743357574,282960,166169,25197,796833059,123535,908464908,60140,731276079,108456,391422004,21698,345105279,188093610
36250,563418,527989,55823,92591,113637,41564,60336,747788049,325937,175836,24986,802253742,121198,914279803,67677,737182580,98315,394578749,51507,347391665,189544836
36500,579456,533818,57342,97264,207998,41345,59128,752009791,286300,178230,24779,807181783,195654,920337315,62035,742285363,105038,396877353,23917,349878384,190954489
36750,577179,522945,56640,97771,127945,39028,54906,757015255,286663,177578,24809,812768556,130190,926112904,62051,746638920,111053,399803969,24063,352830520,192322821
37000,587034,519639,55632,95495,124080,39691,62124,762158750,276393,212543,24997,818111446,127316,931189502,64483,751848875,102373,402762175,23677,354607010,193144538
37250,738869,517630,57810,97107,124602,40510,53615,765810386,295862,175138,25049,823008881,127105,937248156,59847,756439945,105210,404897942,22093,357841689,194828096
37500,599587,545806,53394,94685,123606,38526,54968,770020501,272710,165982,25298,828309759,124161,941589391,59026,761646015,102596,407838934,23820,360188188,195775482
37750,576037,529246,53276,94454,119891,39243,59099,774353171,282576,166963,24920,834048383,121867,948311353,60820,767859759,113033,410517624,24607,362753297,197498441
38000,575800,592218,54693,97083,128005,40928,56520,777999755,291659,170903,24895,840314321,125318,954749082,62895,772582083,102459,413102683,21557,365133124,198678834
38250,577089,524458,52602,95419,125037,35306,58306,782919222,286524,169714,25409,845540361,125603,962403518,71499,777901828,101638,416357065,22059,368165950,199586831
38500,563101,530577,53537,95391,124533,37781,56124,786987526,293746,166058,25372,850878497,122335,967940522,61875,783595116,102015,418438925,22933,370749123,201461439
38750,632173,517454,53836,95764,125943,41281,54490,790573546,297954,175107,25062,857303199,120211,973414384,59874,788236097,101495,421608163,23631,373274576,202678954
39000,595041,543607,53737,94225,128459,38300,54777,795081521,295407,164915,25002,862486855,126206,977780589,60218,792747182,105626,424167307,21643,376175365,204110765
39250,571741,546926,53342,96442,125190,39476,49523,799110226,338313,166005,25055,867341154,118790,983208287,58383,797262469,100599,426999699,23504,378588963,205371120
39500,572463,537468,54416,92600,121701,39881,53531,803556147,305131,176043,25025,873126181,124515,987547140,60753,802981850,99242,429757281,22751,381136743,206674066
39750,583408,617778,53174,97748,121774,41696,58078,807693393,285180,171950,24963,878912719,124580,993830678,59446,808266232,106974,432325795,21965,384230798,207948437
40000,589000,540790,53210,95189,125968,38603,54653,812101441,287985,177731,26083,884551939,121640,1000511679,60088,812888938,99467,436271017,21631,386452007,209100490
40250,587237,536187,54774,99528,130969,45435,53050,816570655,311398,171397,24224,889814550,128124,1006802048,59409,818358522,182069,437768401,22967,389176315,210556179
40500,644345,542261,54100,95686,121557,40792,53138,820698818,296234,180199,24041,895469054,119715,1012264756,62180,823231085,115519,440720638,23401,391897882,211997091
40750,587102,537645,54891,92882,124649,43760,61072,826209119,289405,175666,24305,900308752,117214,1017787930,65333,828572323,103983,442892108,22814,395477726,212975591
41000,585654,559203,55885,95703,124492,35430,54960,830129399,293444,173693,24039,906204227,120089,1022294176,62026,833277671,99856,446180005,20916,396981791,214580185
41250,580628,548700,53530,94813,128573,34581,51673,834629418,294353,172633,24930,911544696,121593,1027212875,57204,837992442,101709,448686085,23443,399665506,215946834
41500,579687,592243,53462,93888,128342,40253,60537,839465048,294033,171003,25125,917008799,119981,1032426446,63797,843335944,102646,451193237,24150,401682044,217506347
41750,586017,532207,54224,97401,131293,35866,57805,843341210,295192,177451,25249,922175662,123265,1038653745,59277,848349795,102430,454296297,22013,404183924,218360435
42000,645431,558665,54861,95873,127328,34276,54285,847726004,293746,168980,25077,927586424,121188,1045138141,59035,853717975,104959,456797319,22704,407123009,219881936
42250,595535,541722,53377,92657,121888,33759,53034,851749524,8865876,170948,21183,932681475,116010,1051713079,57978,859161704,105335,460147703,22199,409854007,221162044
42500,591336,525333,53373,97302,193565,76961,54249,856142920,242177,159618,18528,938023504,170283,1057035921,63359,863991061,107444,462221056,23625,411672729,227336640
42750,592544,543827,53870,141794,151090,35634,57655,860509881,243363,162598,18529,943722436,126780,1062388657,61255,869148167,114670,465150937,23955,415083825,223983769
43000,592817,613354,52456,95986,133511,37157,59129,865119056,238691,170181,18589,948920145,123170,1067556799,60661,873917990,100022,467453400,22346,418126538,224816266
43250,595226,540830,51923,96070,130257,38403,52195,869716184,241080,160581,18498,954470803,123313,1072812791,58801,878746203,107171,470500389,22290,419926086,226616247
43500,656939,535694,50555,95554,125105,33836,52292,873939272,237203,175545,18550,960132926,117415,1077431979,56102,883398159,100831,473100538,22499,422962579,227890891
43750,602174,553254,50742,92743,127495,36010,54586,878436637,240731,168559,18528,965431995,118792,1083781096,54349,888751677,102120,475860965,22411,425530782,229180409
44000,593453,549953,51400,96679,124220,36375,55156,882870380,243881,169974,18535,970450922,120398,1090967529,60355,892949399,104509,478406196,24137,427915147,230261123
44250,589341,545498,50590,95288,120563,35923,59439,888101756,240821,176793,18545,976438587,116588,1096253432,60971,899024318,101237,481163299,22686,431455021,231656705
44500,584254,550391,52350,95129,129297,35772,50667,892354337,249274,168556,18528,981385116,116376,1103091205,58568,903625572,100336,484327207,23312,433039266,232884736
44750,596675,612054,51460,93922,125500,36484,54779,896310664,237397,172622,18900,986627104,118947,1107548980,59705,908522082,102871,486818449,24516,435251805,234557117
45000,642735,538146,50821,96813,127105,36581,57040,900479589,242771,177858,18560,991971532,119872,1113213069,56893,912743705,103817,489187719,22729,438219954,235560396
45250,595578,559472,50818,95629,122614,37270,81004,905002328,288709,173821,18509,997729067,116344,1116500050,57899,917865643,111059,491910418,22794,441062653,237084285
45500,601415,555248,51470,92600,122280,35906,111336,909586246,250861,179818,18571,1002880418,114275,1122440715,56162,922667843,103956,495001300,21983,443465452,238206424
45750,596816,549653,51817,96744,119827,38936,57630,913575596,241531,180290,18514,1008434631,113491,1128408322,95597,928199308,102227,497520647,22412,446048490,239789332
46000,590454,538342,50752,94895,130463,36462,54917,917966014,243955,180226,18506,1013469057,119615,1135500871,57020,933311598,100322,500433726,23496,448743898,240815525
46250,604054,567292,50249,96022,124361,37386,57374,922356332,237698,169025,18535,1019291339,114231,1141193109,56769,938939608,106097,502873878,23294,451531285,242015499
46500,604348,608145,50844,97013,124731,39716,56457,926699586,244300,175396,18692,1025211954,119291,1147522337,57184,943745815,101801,505895958,22226,453892936,243252575
46750,660536,583276,51032,97527,130370,39746,58179,930497076,260788,173983,18709,1030736845,120964,1153439959,57978,948217539,104796,508497144,23461,456623961,244841293
47000,609967,554566,51949,93933,128519,37633,57705,934942129,237337,165584,18501,1036093952,114922,1157961258,58021,953716191,99686,511327003,24123,459557573,246078738
47250,616426,566573,51550,92655,128339,39004,56925,939846935,248508,177772,79996,1041753534,113424,1162646144,56232,958244277,100773,515785593,23138,461692348,247568455
47500,596989,587064,50349,95785,127255,39765,59314,944355351,254921,181537,18568,1046648775,112269,1167236283,54680,963516357,114964,517129671,21818,463981474,248744553
47750,590727,571476,51734,94787,133147,38647,57109,947978240,251989,167000,18537,1051812123,118579,1173205842,55051,968658272,114312,520025483,22786,466669128,250018256
48000,600788,602860,50245,94781,123833,37873,59583,952522081,244170,172438,18529,1057246416,116874,1181013890,56040,974055391,107167,522426543,22469,471068555,251261980
48250,701739,563946,52641,96524,130759,37380,59634,956228657,244066,178821,18571,1062690470,120175,1185756736,62533,978974007,104568,525535319,23247,472601338,252684305
48500,617953,587130,52062,94327,184715,41343,56082,961100485,244956,169284,18562,1068366065,112791,1191848050,54695,984022985,101302,528822797,24225,474478226,253810193
48750,605451,576106,50873,96630,145751,40704,58667,965929371,322275,168731,18576,1074029034,121240,1196976435,59536,989017391,101996,530898969,21539,476962769,255384041
49000,608904,550732,51109,93570,130109,34439,52107,970149549,259068,176721,18622,1079301512,120179,1201756325,55488,994234467,105041,533628266,23480,479976068,256603423
49250,594309,587076,50354,94958,128496,38420,53017,973977257,242566,177571,18592,1084564785,120287,1207115747,56801,998707525,100933,536381387,22265,482296987,258072334
49500,604194,627960,52073,95768,123649,39290,54024,978114270,241578,171714,18544,1090078001,114554,1211560728,59133,1003852241,100398,538750545,23528,485645826,259184604
49750,673930,567629,50702,98160,134850,41301,55597,982732206,262569,174105,18557,1095536450,124533,1218146472,56716,1009105567,108611,541553351,23850,487763318,261046166
50000,621879,580530,50542,94398,130752,42688,54641,987121674,246725,173372,18735,1100845333,119457,1224190831,59066,1014521202,109383,544207754,22140,490384828,261708744
50250,617831,584175,51098,95832,132138,44658,58636,991030570,261201,170603,18557,1106488793,114453,1229594522,62264,1019121777,107784,547280210,24098,492912226,263271413
50500,617923,561376,50361,154227,120367,43712,56921,994901844,258183,164107,18518,1111604086,115569,1236453985,57389,1024758420,102395,549707205,21664,495692051,264465746
50750,608488,557396,96988,116981,132401,41984,52898,999096827,264527,188423,18736,1117116895,120993,1241679622,60269,1028972205,104923,553066268,23163,498197665,265824876
51000,613134,576029,50637,93231,127197,40254,56333,1002922148,254785,253154,18818,1122765446,113819,1246695464,59616,1033936831,99617,555187807,21492,500841169,266969706
51250,663692,611262,50281,96729,130032,37166,58388,1006932473,261195,179252,18535,1128383446,119833,1251126444,57462,1038500873,105901,558284286,23249,503552664,268701950
51500,614119,578076,51252,95599,126902,35206,53239,1011821466,245645,172548,18568,1133782144,115760,1255872995,61532,1043326721,105604,561220087,22002,506405728,269666283
51750,609904,561036,50938,92622,125785,36610,54017,1016460141,243893,181731,18615,1139484041,113773,1262031622,55976,1048159722,100544,563315903,23834,508689475,271460276
52000,592818,586252,51925,93662,123597,37356,57383,1020727376,245865,174945,18589,1145497717,114402,1269062029,53629,1053597948,106083,566018011,22331,511500374,272487679
52250,616782,585021,50834,94383,123103,36506,60668,1024292202,298498,172359,18604,1151707674,117459,1274578674,59733,1059102797,99488,569226784,24174,514022812,273618305
52500,623062,575266,50553,94233,123468,37997,57057,1028849167,251362,170122,19189,1156523156,117473,1280856593,56249,1063646884,109617,571957338,21823,516809986,275274574
52750,653361,637859,50384,93214,126854,36828,53655,1032835771,254960,169523,18600,1162753958,116594,1285857753,51790,1068582234,108114,574809694,22369,519279239,276455292
53000,618119,566599,50598,95176,126793,36876,54296,1037285542,264725,178553,18575,1168101384,119391,1290681842,55701,1073182971,100724,577282411,22653,521928544,277804494
53250,612825,564589,96264,97759,130811,37781,58445,1041295234,252122,165910,18710,1173138261,122705,1295542632,54107,1078653610,105903,580389652,23948,524437567,278909332
53500,610658,573994,50405,93463,125385,36098,56491,1045466159,247013,182965,18527,1178992119,119683,1299612057,52517,1084134623,102296,582369999,23471,527053145,280729988
53750,621235,575528,50973,93679,124851,36044,58853,1048960812,249141,177267,18772,1184908116,119015,1306565728,53725,1088082540,118836,586109439,23094,529474312,281476914
54000,621875,586366,51093,98400,131567,40571,59568,1053162376,261296,182319,18600,1190019994,125021,1313048671,55038,1093932103,122959,588145471,23063,533420588,282601191
54250,673238,583988,51799,94899,131674,37858,60884,1057544054,257798,175073,18708,1195324387,121725,1318664325,56040,1099680265,100894,590605673,23249,534886119,284183405
54500,633046,633949,51506,95753,125954,36248,60506,1062637519,265774,186019,18566,1200731344,122793,1325256998,55754,1104461167,137513,594119457,52777,537385683,285696565
54750,615629,572458,50940,95473,202312,36771,61567,1066589721,255745,173512,18691,1206220718,115974,1330806279,54054,1109686395,103759,596270175,21519,539893062,286907540
55000,610202,584768,50440,95500,128553,35616,59066,1070719549,254854,183647,19207,1211873281,121655,1334599939,56366,1114857372,112548,598849691,23275,542663017,288173677
55250,607218,584864,51877,94948,126135,36308,60565,1074953274,260583,174849,18632,1217443286,117351,1339170711,55082,1118783275,102089,601553153,20987,544837113,289374182
55500,615360,593524,51552,96370,122943,37711,56582,1079320030,298148,216440,18542,1222598205,172933,1344301889,54633,1124188877,107371,604899090,21307,547797492,290717510
55750,673051,598914,52351,93698,126335,37460,57683,1083855079,249787,191540,18568,1228282403,118531,1349858376,51955,1129208564,99703,607508890,22668,550081479,291849114
56000,620238,643903,51787,95284,129445,38605,51240,1087803107,250504,182065,18554,1234251602,117879,1357324841,52061,1134681136,100139,609896637,21776,552970525,293466899
56250,621767,588156,50923,94873,130412,36424,58291,1092067963,276197,182047,18298,1239713913,119701,1363737906,56325,1140002963,106465,613123250,24007,555378630,294519354
56500,634002,595651,51340,95552,131788,36843,56430,1096630348,263570,176925,18623,1245848533,120306,1368753594,52867,1145303304,102052,615740855,22710,557944985,296192738
56750,621184,578639,50632,94416,129164,37584,59229,1100941995,242328,177748,18794,1251074634,121890,1374218782,52760,1149921407,102187,618022628,23248,560994216,297232070
57000,636249,583570,52320,93617,131683,38898,57611,1104822347,274927,176610,18628,1256301941,122450,1379159109,52974,1155203859,102344,621006319,21022,563140665,298698584
57250,697405,597899,50580,94841,123454,37587,53928,1109953222,262244,189256,18605,1262024994,116583,1383078057,53808,1160767455,104167,623644466,23280,566606791,299980012
57500,629706,587411,50846,95788,130516,38641,55296,1113608967,269353,176552,19048,1267145842,121573,1388018596,54103,1165514625,112427,626518824,21753,568506948,301084314
57750,624514,592827,50673,94397,127309,37608,51136,1117878579,255523,177502,18567,1272681952,114829,1394883283,50946,1171222511,106852,629472017,23823,571513614,302502690
58000,618797,595226,51581,93392,122812,35864,56329,1122416728,276360,180579,18615,1278280717,120797,1401612743,53775,1175924584,104228,631143650,21880,573891873,303853651
58250,614780,592880,51474,138564,129991,35224,52150,1126318576,267210,171214,18682,1283552637,116935,1407928176,53632,1181186978,100287,634380553,21850,576399865,305297963
58500,627200,576346,50520,94597,122873,35818,56251,1130956382,259934,178593,18644,1289399709,115721,1413892921,53559,1185997713,104970,637236883,22725,579422236,306610280
58750,656899,596095,51009,94637,129025,34948,56273,1134381993,268515,177633,18604,1294432134,116634,1419617280,52489,1190487179,99065,639877663,21896,581885688,307677715
59000,628353,643705,51366,96655,127215,39497,51456,1139265036,367375,174512,18622,1299819814,120607,1424493604,50194,1195063214,99608,642348788,24512,584218400,308933483
59250,638333,587952,51067,93541,127978,37366,55997,1143004090,282125,183875,18889,1305629610,123311,1429384613,48525,1200711405,103740,645171732,22639,587484835,310616396
59500,628687,579137,52442,93501,131206,34682,55097,1147740535,275768,189338,18578,1310868581,119527,1433893689,50783,1205881394,99941,648221540,22218,589504519,311518779
59750,612886,585324,50740,92598,120980,37004,52731,1152279300,267198,178528,18566,1316211853,120944,1440473577,51420,1211354606,102782,651270446,23437,592623196,313252074
60000,629016,596036,50957,97663,129846,35147,54981,1156533681,260623,214209,18810,1322514753,126241,1446488878,50304,1216275312,108735,654599282,21153,594735048,314503111
60250,681688,595592,50713,95447,127508,35232,57771,1160654901,261002,179641,18608,1327545957,119533,1452740662,48481,1222506340,107100,657103546,21092,597237073,315961735
60500,644264,625791,51814,99418,134773,35313,60023,1164516332,264157,186565,18607,1332975780,122940,1458819204,50503,1227438302,107967,659093309,24239,600166249,317141279
60750,618075,662612,50305,92104,168813,36734,58918,1169133264,257449,179348,18602,1338669707,119119,1464016399,53114,1231893622,98139,662401089,22379,602560718,318250570
61000,632601,601386,50420,93739,128201,34572,54194,1173478729,257853,176099,18622,1343431891,116027,1467982813,50939,1237257178,101856,664522027,22361,604889517,319942554
61250,619402,619083,50201,92036,130793,36937,60217,1177549331,257520,175132,18660,1349146628,118650,1473137266,50113,1241983437,99722,667597314,22393,607962797,321004754
61500,619628,599163,50254,93685,126230,38379,54297,1181761499,256152,177848,18633,1354718352,121322,1477467831,52554,1247532911,102870,669872682,22457,610103393,322137976
61750,726003,596188,51992,94014,125075,38011,54477,1185529852,254030,185941,18738,1359913448,166179,1483690739,50157,1252697495,138801,672838976,23676,613111706,323601546
62000,625434,591935,50469,93669,124515,36222,60657,1190385233,332824,180144,18560,1365295574,119947,1490847818,50838,1257648146,115782,675632613,22134,617488429,324988795
62250,637983,645736,50228,95870,126383,37743,54532,1194621718,273641,185946,18632,1370824064,120689,1496706670,48658,1263112292,101023,677709168,20977,618454752,325755470
62500,636473,603301,50890,96902,129519,37118,54114,1199062982,259463,198758,19171,1376629854,120828,1502626625,48503,1268165601,109423,680944271,24068,620263093,327505560
62750,633913,607725,51306,95987,133057,37849,60053,1203457395,267780,202102,18633,1381795401,121362,1507754093,53221,1272775723,109755,683649312,22963,624151839,329069770
63000,707481,590411,51758,98325,136158,39964,61854,1207015853,288530,201507,18680,1387660414,125369,1512970261,50845,1278098776,102361,686160899,22612,626173522,329916280
63250,646390,595750,50278,97306,127572,38132,60829,1211921886,254685,199435,18634,1392653935,118806,1517621889,52442,1282912201,102629,689154655,23963,628629988,331296027
63500,639324,614307,51480,96031,129709,35887,58413,1215858781,274992,197693,18652,1398257796,120901,1521854517,46614,1288263758,104804,692115581,21192,631333725,332862549
63750,636705,687514,50680,95465,136001,38544,51726,1220264218,284127,205238,18580,1403984456,124042,1527540121,45398,1293169976,104718,694271989,22774,634209577,333787339
64000,641658,589732,52178,94751,130331,38052,56177,1224617560,279449,203781,18627,1408848666,126886,1534911784,47230,1298073961,101544,697193856,22910,636007564,335251647
64250,633869,601295,51953,95519,116324,39677,51276,1229267593,282715,246849,18658,1415077109,121161,1541482216,48505,1304222958,103450,699842428,21427,639725687,336940894
64500,727730,610427,52259,94441,119176,39984,58962,1233747993,276322,201085,18700,1419811541,120471,1547914117,47389,1308909572,102495,702611083,23236,641975957,337718558
64750,640681,605986,51877,95907,123067,39219,53695,1238348239,290500,200433,18680,1425110964,134336,1552334271,47742,1313818500,101224,705375869,22924,644432451,339254156
65000,639849,616651,51239,96839,124023,41101,51988,1242724908,277395,205629,18952,1430468761,116541,1556991132,49004,1319109378,117183,708551222,22265,646989049,340576630
65250,651506,642503,51639,94531,125681,39572,57218,1247506966,332422,201407,18731,1435722911,123417,1561667034,47096,1323471566,101341,710978373,21741,649152414,341905995
65500,643118,597111,52198,94389,123616,38760,56561,1250252151,275758,197684,18637,1441820219,122810,1566969600,47374,1328295797,99685,713477198,23001,652475836,343227194
65750,642459,618163,51618,93759,124361,41868,55542,1255039124,284859,204936,18661,1446922903,119212,1572756343,46866,1333499229,7539659,717770473,21845,654722404,344550587
66000,747921,588298,52550,148552,123752,42219,65154,1259213062,271257,207842,18628,1452623380,128919,1579544498,49147,1338581580,111744,718829015,21937,656736272,346079234
66250,624654,610403,52041,115361,134638,36571,124008,1263555764,264584,204150,18649,1457969460,145938,1585809944,49353,1343641690,108802,721576581,23134,660118413,346826461
66500,646409,607373,52950,98977,133904,39213,60959,1268700532,280159,200277,18611,1463783493,125631,1592202534,51488,1349161237,112303,724329039,23508,662445753,348260871
66750,641704,671489,51515,96154,163452,41749,52819,1272777855,288775,205501,18871,1468915700,125477,1597185749,49448,1353919057,105923,727534917,22193,664589774,349810059
67000,640756,608024,51449,95042,133139,41021,54102,1276399198,277623,205676,18610,1473787106,126754,1602245015,50916,1358227368,102981,729830645,23432,667523374,351055732
67250,693718,604643,51957,94291,121541,42432,59098,1281090171,275815,206904,19171,1479696373,123116,1606727693,71003,1364058962,101224,732481186,21348,670080470,352638402
67500,626973,602874,53639,93001,123183,42357,51808,1284851795,272550,207507,18591,1485299371,123462,1611174870,49941,1369343107,104461,735402039,22428,672905574,353702337
67750,632123,599293,54049,95678,129755,41153,53948,1289303710,282561,202951,18848,1490579430,180855,1617597802,48667,1374353005,106534,738304607,23146,675712543,354753854
68000,644447,608443,54738,97015,128934,43445,55590,1293569647,286540,200999,18643,1495994328,144997,1624254977,49288,1378785700,107065,740918122,23890,678355884,356286311
68250,645040,663658,55375,97165,129110,42784,54867,1298121503,342333,251073,18649,1501122961,132424,1630624462,49491,1384718305,104326,743449115,21486,680634305,362304131
68500,655124,609422,55787,94081,119205,39387,53968,1301839264,270557,202207,18624,1506135729,122470,1636074986,52449,1389847882,105862,745968556,22593,683455935,359239865
68750,684233,614076,54479,92969,118465,42265,54820,1306274035,278953,203950,18622,1511597673,122655,1641506549,52229,1394634354,99587,748951995,26648,686232405,360029316
69000,627256,618148,54486,95982,123658,40482,50269,1310618271,274145,205131,18802,1516653067,126254,1646839281,50998,1399704927,113066,751625648,25936,688325351,361554370
69250,654954,619016,53985,96282,129850,40322,55822,1315590515,282266,201172,18806,1522105005,127838,1651270929,50011,1404874352,112730,754658026,40958,690694379,362938389
69500,646069,623482,54933,97299,125414,91655,52998,1319684707,275943,203139,19111,1527093389,130007,1656182929,47874,1410046328,102851,757102485,22604,693723798,364210192
69750,638300,648406,55229,96177,126260,40363,57078,1323767560,269590,209018,18645,1532506844,125172,1661573786,49031,1414994201,103113,759895535,23822,696668966,365241725
70000,637782,624830,54749,93716,116296,39519,55219,1327735336,280903,207184,18609,1537683738,117303,1668419396,49409,1419494777,119586,762601692,22063,698167284,367134797
70250,681141,606716,55018,94363,131414,37788,51476,1331707413,262783,205336,18628,1543232602,121929,1674286932,50227,1425032602,102368,765455707,21529,701712690,367999337
70500,650803,619855,54237,94809,123572,40383,58563,1336248801,272794,204901,18623,1549314445,126709,1679697465,49929,1430630831,104530,768093412,22035,703978529,369405938
70750,650717,619711,54272,94123,126801,40047,55168,1340086801,285162,200436,18644,1554283488,122759,1685270315,49317,1437398672,101972,772549438,22835,706722317,370768910
71000,640978,629351,54330,97497,126224,37649,53654,1344677434,280315,204068,18690,1559923253,127929,1689598217,48666,1439649744,103082,773565710,22173,709647671,372480133
71250,649086,679696,55872,97461,123295,39449,56511,1348479846,279558,198626,18663,1565982242,125070,1693988602,47170,1443885485,105212,776415747,22124,712325151,373743993
71500,647005,624380,54942,96044,131775,39625,53367,1352836555,277382,203861,19003,1571644349,127042,1699036155,50956,1449416086,110646,778637982,21670,714565377,375424070
71750,701364,616637,55011,96997,123709,36612,54902,1357133391,279015,203934,19046,1576462794,126105,1705107705,46831,1454412954,101866,781934667,22301,717676400,375910139
72000,656353,612330,54767,98137,125915,40375,54825,1362772144,273891,206365,18677,1581620371,128617,1711427628,50393,1459713905,106655,784569486,22678,719283254,377611276
72250,654749,631624,52689,96991,125371,40186,55945,1367118315,276644,204808,18670,1587585745,126668,1718003037,54969,1465345144,102401,786793529,22626,722186950,378605905
72500,650086,625832,98253,93611,128328,39479,51894,1370774865,281921,253041,18898,1592424254,125818,1724180380,51559,1471169323,100618,790517562,22979,728140113,380373285
72750,655790,696069,55445,96030,119420,40265,53156,1374785890,283107,209707,18627,1597634578,125472,1728894340,51202,1476356960,108884,792503402,21094,729165726,381339538
73000,673087,619764,53621,93016,190613,41004,50861,1379330697,272888,210629,18660,1603906878,125948,1733919006,53680,1480608752,101373,795137625,22732,729965375,382554321
73250,653337,608846,55323,94814,128503,42150,53724,1383679338,296092,203108,18639,1608962068,123772,1739028910,53194,1486516598,101131,798444280,23634,734297228,384014107
73500,650908,621910,67856,93857,130600,41704,50267,1387657938,284934,207766,18595,1615717995,124495,1743831124,54234,1492236858,104523,801152427,20281,734886401,385493282
73750,625495,647325,56168,133200,128675,38779,50183,1391310744,285101,213360,18706,1621050204,182303,1750181732,49871,1498214804,95387,803680454,21637,738347825,386469498
74000,650938,632056,54466,97438,139699,40598,48674,1396273452,286001,199759,18661,1627548583,148452,1756410786,51217,1502949160,116881,806223357,22018,740368386,388003326
74250,653662,731006,54939,93525,128599,43221,58016,1400660871,283052,202864,19490,1633093139,124847,1764167255,52135,1509267311,102786,809036837,23827,742826891,389598159
74500,712410,622263,54667,96463,128482,44884,49182,1404870275,266968,203241,18664,1638361787,127403,1768570519,54557,1514890361,105575,811927126,21876,745589349,390356873
74750,665183,608679,54830,97588,132564,39211,51971,1410017128,335073,210017,18643,1644554244,123379,1773984318,54525,1520205076,100214,814353552,21953,748300333,391827245
75000,661006,629946,55481,94274,129763,43559,53036,1413118350,293433,202279,18632,1650899607,129079,1778693430,52459,1525178544,105531,817016193,22843,750754313,393204098
75250,647553,649989,56554,97450,135012,41780,49257,1418450050,291529,205023,18876,1656320675,126483,1783563866,52273,1530166517,104585,819573914,22081,754220014,394622548
75500,650080,625221,56914,96912,129342,42996,50383,1421350863,297352,206513,18645,1661862633,125356,1788171840,52808,1536572919,100752,822845367,24202,756509977,395841672
75750,663987,686890,55526,97085,137157,41625,53570,1425740036,300780,209212,18624,1668394388,127672,1794326563,53064,1542523835,108988,825825011,22555,758981116,396670241
76000,744966,629231,55665,93533,130093,42475,53764,1430315235,285773,211343,18798,1674069910,126189,1801554918,56561,1548640265,101296,827621408,22454,761783844,398487835
76250,659307,607482,53642,94476,123003,42178,74654,1434589887,279544,215063,18655,1678594268,125451,1807803794,56772,1553834111,101053,830806759,21435,763842014,399736983
76500,644049,627465,53804,92971,130682,44770,52867,1438210412,285476,251001,19487,1684536117,123206,1814230749,57775,1559987721,109695,833930617,22159,766315653,400950044
76750,640095,637805,57013,96945,135522,46070,113374,1442776797,277350,211005,18619,1690524239,130227,1818556012,58394,1564878697,103004,835952454,23384,768800580,402257539
77000,658502,722671,56897,96888,138131,42266,48483,1447415493,289175,202678,18839,1696454490,131402,1823782381,54126,1570195796,154891,839067674,21601,772175380,403315674
77250,699669,615591,57449,95632,132140,41948,52836,1451349158,294804,205646,18594,1702216741,128958,1827902598,53639,1576170137,101910,842347691,22372,775642740,404982038
77500,656221,634714,56109,95080,128665,39525,49497,1456372353,289986,208829,19081,1707730132,123928,1833301290,56286,1581092723,111651,844126711,22562,777550671,406224575
77750,658668,634897,57378,97299,145308,40135,48730,1460142977,379476,210851,24522,1714300724,132486,1839106056,57310,1587026219,108967,847096415,21631,779584908,407350582
78000,652374,633393,57394,92001,124933,38737,49185,1464103425,277359,204285,24890,1720107577,119699,1845702054,57510,1592908792,99680,849929978,22297,782119057,408775269
78250,644126,627615,57572,94766,128121,43471,52061,1469079494,279613,205769,24539,1726055061,128575,1851951599,56095,1598349388,100749,852215375,22150,784617005,409835294
78500,642917,687998,57176,92497,132435,41441,50073,1472645782,297490,213845,24596,1731979910,130500,1858025170,56553,1604263725,103025,855086284,21066,787451510,411587490
78750,706948,632935,55482,93297,181018,42261,50499,1476396362,277251,207603,25040,1738191037,125434,1862678879,55353,1609137833,111018,857924754,22064,789515387,412831786
79000,651078,635293,57408,93731,135003,43061,54033,1481006017,287795,205580,24333,1742965450,125633,1868148061,59384,1615081035,100838,861037394,22700,792711490,414587336
79250,691245,644312,57290,93393,133425,42753,51197,1484971742,308881,211133,24222,1748671871,129958,1871654537,54579,1619970817,106248,863390855,21469,794970217,415070600
79500,662781,617298,58177,95755,137326,42412,48673,1490110340,297883,203905,24375,1754787607,129345,1876741324,57815,1626027816,102228,866796806,23951,797594586,416654682
79750,650804,638495,56555,96719,137355,41223,49199,1494458841,295838,206186,24112,1761013644,213692,1882745392,58420,1631926201,104828,869012416,24363,800209733,417723501
80000,648737,682184,56343,95966,134459,44941,50983,1498565163,300298,212149,24014,1766711532,129558,1889534631,59219,1637056598,102883,873477347,22127,802795135,419201209
80250,721879,642523,56583,94775,135259,44198,49050,1503580434,281364,206587,24544,1772336394,126676,1895605469,59281,1643614917,102599,874203295,22258,805665798,420952052
80500,649884,632680,56998,97062,140078,45550,51120,1507611426,344934,256757,24157,1778040878,134975,1901074555,60242,1648608891,103715,877571120,21230,807878606,421836972
80750,661135,638154,105057,97302,127294,45473,50118,1512098809,296667,210197,23814,1783542175,125405,1906839184,58876,1654189179,105053,880015350,22320,811040582,422896944
81000,628132,639897,56245,95767,134051,42283,54955,1515588373,298583,204084,25099,1789976031,133911,1911178875,63052,1659973584,104577,882806517,21059,813385903,424667320
81250,661149,626542,56586,94154,137619,46205,50743,1519837727,287659,214059,23990,1795831773,124171,1916214728,59266,1664850532,107321,885500180,22379,815710063,425915422
81500,714673,705630,55898,101673,139495,42956,51775,1524219892,287636,208013,24053,1810563550,134255,1921179955,59172,1670636345,108410,888265107,23333,818269057,427312344
81750,668417,648586,102631,95320,141633,42644,47247,1528316786,294472,208653,23892,1814441791,130450,1927419390,58483,1676159146,100663,890853514,21543,820897987,428498374
82000,744866,653195,56707,96292,139972,42975,51784,1532138386,290091,213273,23731,1813348759,126895,1934130731,60492,1682607320,99813,893468188,21805,823845594,429645991
82250,767619,658567,56118,97012,131371,49985,54362,1537137297,301353,210952,23561,1818670243,132346,1940099010,63046,1688760944,104371,896183341,21972,826396648,431275596
82500,744298,652121,57007,95769,135977,43797,48968,1540967817,307188,216998,24369,1824759900,126381,1945688204,61061,1693925306,99572,898760380,22049,828730181,432284824
82750,847781,713037,56531,93957,139010,42802,48140,1545587985,287584,219395,24817,1831512559,125099,1951018372,63596,1698495698,107340,901976384,23116,833178134,433729094
83000,768525,644880,58356,96387,143678,46910,52060,1549267469,298872,202647,24128,1836374565,127342,1955297550,57861,1703922545,99931,904094647,23377,834278804,434720241
83250,764544,647004,57268,96163,142217,45245,48964,1553695298,290680,215330,24253,1842501172,133851,1960177456,55230,1709822272,103078,907494612,22150,836927705,436166379
83500,743832,655026,56409,97391,136407,44801,49850,1558428075,411579,214082,25239,1848195400,130045,1964758851,60552,1714545418,107603,909786139,21685,839615906,437631359
83750,805045,651993,56563,95637,133624,44044,52042,1562109808,302950,212060,24582,1854566867,126761,1970864254,60150,1720518988,108655,911710829,21790,842051229,439241932
84000,794937,646061,57582,95094,134567,42894,55184,1566339821,300709,221003,24145,1859573862,130046,1977447784,62367,1726975565,105536,916642205,22413,844579442,440366050
84250,742233,652052,57275,96118,140169,41851,52261,1570242224,302920,259526,24044,1865514632,130960,1983041937,62597,1732418558,134951,918073447,23091,846882139,442312458
84500,796187,651780,55719,95603,139472,44796,52518,1574616976,303456,222205,24006,1871091862,125514,1988876218,61718,1737818099,106346,920545345,21870,850002852,443014321
84750,773642,633162,57828,93729,132932,46681,50908,1578957522,294395,222407,23409,1877110384,124862,1994227909,62005,1743978427,100280,923302971,22726,853624402,444266348
85000,739713,650174,56723,93325,134070,43999,50899,1582542073,307958,227909,24091,1883225222,128859,1998790598,65843,1749614340,102080,926172945,21918,856304793,445550709
85250,863034,668549,57869,93704,128219,43683,51833,1587553369,17717696,221846,26082,1889106654,123026,2004018034,63188,1755041604,104803,928485372,20427,857380621,446679729
85500,750579,672371,56039,96581,135688,41826,50339,1591987487,297382,220232,18422,1894607038,130805,2007938183,62132,1760895164,101298,931751253,23322,860540894,447935552
85750,789455,693123,56383,94115,135232,41923,49306,1596473462,244239,221862,18421,1900953998,145664,2013890070,60204,1766827441,104055,934947763,21972,862507288,449511184
86000,751910,643412,56739,95019,132758,45324,53061,1600578683,248367,220934,18386,1906688528,129843,2020553804,64046,1772390326,100716,937575945,23859,865416981,464649808
86250,783650,651124,56319,97830,131147,43107,53616,1604578991,232589,222298,18388,1911830120,130882,2027117006,66509,1779158110,113517,939850963,22250,868027397,454856752
86500,783524,652122,57734,95866,132765,42851,50216,1609736955,241344,216066,18399,1918355310,130033,2033213811,64537,1785023380,103508,942811878,21680,870743677,451284819
86750,747266,665080,57575,98436,137375,43966,52257,1613322389,250359,222548,18409,1924116888,135944,2038650019,63122,1789668121,103647,945755166,22595,872968511,457479396
87000,786178,729607,56974,94955,134942,44291,50732,1617666950,253213,222445,18452,1929550233,129971,2043079565,63445,1795428690,103751,947994177,23095,875623637,455385271
87250,734978,642508,56581,94168,132054,44476,49053,1622101560,236956,222955,18407,1935620054,125810,2048131929,63961,1801266380,102507,952985598,21431,878095319,455602875
87500,787999,657719,57813,97130,133000,43787,53493,1626052157,239525,221721,18426,1941015819,129723,2052759383,108832,1806964581,102604,957323915,22439,880891825,456385726
87750,823541,671020,57709,97983,126338,47865,53147,1630550510,253014,226770,18923,1946975002,128983,2058882518,62755,1813384027,103472,956576734,21166,883091568,458125544
88000,805670,670285,55961,94466,130765,46049,50836,1634823634,244408,281593,18427,1953106068,127468,2064782621,62302,1819132957,105493,959473400,22930,886530160,459243707
88250,761765,654008,57557,96479,135233,45288,50236,1638603016,246304,234560,18446,1959251060,130988,2071445439,64474,1825346991,102595,964024069,21815,888693674,460996200
88500,728370,729823,56327,93845,132128,46003,51921,1643018359,237428,228400,18379,1965360447,128611,2076785286,62978,1831599217,104946,964495569,22418,891538303,462123521
88750,794970,686922,57275,97309,134512,41973,46411,1647853067,242729,223008,18402,1971381559,130917,2081912274,64173,1837557866,114221,967575949,23210,894401893,464719112
89000,793345,652947,56284,93359,138627,42314,46435,1661258739,277764,224563,18397,1978224063,125638,2087240868,68035,1843379540,99118,970311402,21204,897530081,464822341
89250,796365,671653,56757,141590,132046,45204,50213,1663607699,251923,219078,18427,1983155649,131379,2090905574,63693,1848839898,108407,973036907,22004,899594606,466631733
89500,737160,670334,56675,96505,134828,42818,49175,1665290300,244446,217855,18381,1989490352,133431,2096428085,62786,1855385853,104475,975578211,22399,901783579,467019620
89750,787781,677804,56979,95492,138217,43326,49369,1674072869,245348,227116,18394,1995603575,131848,2101923477,64194,1860464790,100514,978134201,23822,904536837,468666639
90000,761306,739271,57631,94454,136612,48825,50136,1679438006,240076,226895,18391,2001053494,132107,2108959113,64865,1866702558,106600,981114563,20881,907030871,470060723
90250,818680,670408,56223,112987,203870,45441,49124,1673976215,258312,224226,19057,2006621132,133858,2115339322,66883,1872148639,105744,983447568,21585,909332609,471191764
90500,814995,674203,56625,150328,138266,44486,51133,1676900890,240861,226486,18397,2013303569,136846,2120991617,68145,1879104127,104091,986325769,22932,913308999,472463022
90750,730964,668086,57634,147956,148289,45032,45720,1681189332,243932,224451,18399,2018843602,132134,2127137592,64060,1883371598,101649,989644772,67247,915167617,473581384
91000,801301,669138,57575,134283,135338,50394,48959,1685866564,235887,226739,18401,2024431803,125657,2131358678,65539,1889591117,100531,992333655,21018,917225165,475091633
91250,736249,728337,57112,174213,135205,45680,49429,1690758135,235630,222275,18363,2030313845,172223,2136265678,69187,1895007225,151390,994162193,22166,920043567,476489464
91500,857614,668165,55891,136688,139431,43108,51779,1694630269,240789,223646,18394,2036166608,128841,2141379935,67077,1900936782,103735,997547218,21775,923631022,477607516
91750,754398,669795,56624,145389,130213,47107,52875,1699137154,236590,268570,18371,2042115130,131153,2147988809,62974,1906930143,106950,1000353565,21743,924211937,478591774
92000,784041,668854,57215,151159,138618,48313,53735,1704155362,241543,230773,18361,2048104684,131463,2154685736,65786,1913165469,102454,1003056564,21690,927470310,480528548
92250,734323,698854,57217,137316,139130,43822,47628,1707667162,241608,231059,18383,2053770348,130295,2160266457,70014,1919679208,106687,1005334649,22300,930374764,481755354
92500,819171,705921,54117,134901,136921,46304,48043,1712282947,327897,227556,18423,2059518801,130863,2166898462,70712,1925649124,102790,1008381488,22744,932932726,482772331
92750,809406,703942,53843,144218,142220,47368,48856,1715989790,229211,223374,63072,2066024270,132412,2171966116,69852,1930827474,106630,1011652015,22632,934827196,484840991
93000,758471,686167,53557,145951,148775,49664,50983,1720274375,252022,222619,18405,2071772084,131867,2176996603,70034,1937016361,112093,1014051717,22043,938220117,485487171
93250,784611,679716,55107,131502,135042,46497,49679,1724989150,255108,226154,18423,2077671800,131835,2181656069,67079,1942866925,98599,1016530554,22509,940581011,487070538
93500,750758,694465,53315,144835,142732,46622,47950,1729284781,242421,228237,18416,2083659940,129915,2186613656,69002,1949378833,104236,1019688355,22008,942797531,487965570
93750,847647,680777,53422,130989,136394,47677,49497,1733525272,245412,229285,18393,2089774792,129637,2192768812,69002,1955826925,114796,1022101042,21855,945037245,489523999
94000,741070,729688,53944,136232,141854,46700,50421,1737332054,240963,231440,18401,2095220080,130760,2199152042,72040,1962241122,103690,1024845596,22647,948128828,490694595
94250,762039,714869,54220,147012,139216,51295,53757,1742139217,262603,226315,18419,2102640564,127526,2205482602,74125,1968220555,103919,1027100177,21947,950580779,492627219
94500,793617,703653,55036,140615,134359,104409,46318,1745911995,238667,237151,18381,2107517189,128961,2211279906,71513,1975039582,101273,1030054904,22928,953293388,495197740
94750,754473,719908,53336,145457,142293,49162,45962,1750690362,242194,232688,18372,2113832862,133521,2215854876,73945,1980786155,103501,1032776255,21583,955927818,496997533
95000,837449,675896,53493,191143,144846,50193,49767,1754284066,256122,230537,18393,2120053923,129071,2220077704,74533,1986123439,108751,1035657433,22462,958398999,496252334
95250,766499,745218,54093,136979,135226,50916,53761,1758986465,251997,248134,18807,2125764983,128789,2225250133,71100,1992184870,102969,1038611825,22137,961370369,497532417
95500,820715,704955,54943,174765,147844,48629,47224,1762871354,248181,290885,18373,2132126895,133214,2229042477,69734,1998964262,107370,1040930258,23305,963639941,498848151
95750,786545,701710,54082,139399,136940,46828,49515,1767217423,252951,237237,18390,2138057333,127158,2235332016,72189,2004472430,106542,1045708589,20479,966696269,499822293
96000,753168,686421,53284,135317,185103,47913,47912,1771592769,249409,235911,18395,2143328181,133343,2242338741,70507,2010580391,103539,1046782232,22672,969047530,501041696
96250,809597,693649,53076,143779,144382,45933,48524,1774724038,250598,234062,18354,2149574333,129562,2247766742,71712,2017517800,111863,1049429376,21744,971242994,505169891
96500,758886,792997,53928,131911,139329,49528,46425,1779348342,243374,233923,18395,2155350330,122239,2253884068,75036,2023538234,105457,1051880854,21758,974216643,504605921
96750,814030,721836,54416,130408,141096,48762,49973,1784009674,251155,232944,18407,2161670388,129289,2258954927,73588,2029811476,101872,1054412981,22112,976607392,505045854
97000,764462,704120,54026,146911,142602,49895,47481,1787725756,243550,232234,18385,2167780755,130726,2263997883,72786,2036035935,107508,1057317823,22322,979861161,506893536
97250,799920,729809,53119,142304,136251,50442,53076,1792078287,255450,236274,18629,2173649719,226416,2268303019,71225,2041966261,103480,1059778735,21438,983344501,508333507
97500,829652,712347,53167,132555,145824,49957,53758,1795959550,246724,239738,18772,2179627832,133827,2273707550,67542,2048713750,105158,1064321943,22378,984133769,509157287
97750,756403,745705,54580,141954,143349,45614,50530,1800798093,255625,242731,18881,2185629027,124540,2279170617,71687,2056241183,108190,1065917163,22163,987301412,510549449
98000,836045,726391,53403,132619,142909,52807,49155,1805399731,252690,241357,18472,2191637659,133833,2285826323,71578,2061739978,107323,1068287536,22439,989220288,511543111
98250,764849,734707,53788,135124,137316,47962,68421,1809574947,244594,247094,18371,2198037975,132254,2292223825,72900,2068377381,173930,1071458373,20828,992482037,513026219
98500,878813,735697,53485,153463,146268,52894,68628,1814334044,254986,243008,18428,2202967439,131026,2298445259,74906,2074738659,118123,1073693972,22721,995269491,514234750
98750,765231,722257,53413,136552,142694,50400,52941,1818271283,253245,241368,18414,2209077807,126902,2303416793,70190,2081333428,120091,1076905088,21813,995479847,516598188
99000,802937,782130,54607,130022,138503,50916,49986,1823129447,253626,246898,18574,2215669828,125507,2308314121,73999,2087527842,100455,1078971362,21529,997816933,517129846
99250,739381,729075,53411,144536,143917,56394,49997,1827894749,303429,242799,18397,2220912572,132556,2312819013,68884,2094776393,105845,1082326765,22582,1001620032,518945859
99500,805330,736318,54481,142058,143238,55727,53362,1832831008,263235,244473,18403,2227802106,145401,2317508561,67474,2104113884,110184,1084536436,22518,1002760988,519789467
99750,834238,747085,53800,136852,140249,52847,50070,1841687295,251564,249619,18397,2234314386,159567,2325671048,69573,2114660809,101876,1088094016,21158,1016836634,520665207
100000,757607,762288,55415,155070,142165,53168,47637,1847599779,240552,252086,18444,2241053106,139141,2335120488,70752,2124309708,106235,1090407445,21629,1020491495,522961052
100250,804935,797718,55069,137614,147470,55581,52844,1852914007,249302,247836,19086,2247582001,139104,2342782815,68687,2134617376,100516,1093060813,21462,1023861108,523928128
100500,755657,757558,55203,135821,146142,56933,46728,1859418235,253972,250353,18432,2253627542,138003,2349987261,67331,2143997340,106084,1095543937,22601,1028372784,524798042
100750,822534,742229,54410,222744,145307,57255,50941,1863705046,259953,251239,18455,2260075124,132637,2355682177,68011,2153253264,103084,1098084296,22127,1030631202,526096444
101000,828153,753918,54609,159143,148449,60305,48502,1868550991,253488,250720,18404,2266790234,135248,2362599854,72515,2160563788,104607,1101136038,22931,1033911725,527213486
101250,818686,799206,55006,146292,143221,57868,44617,1872895942,254642,251670,18394,2273800938,137740,2367853392,68852,2169050515,112113,1105576980,21317,1037799161,528521335
101500,767983,875939,53882,151814,192430,64177,51412,1877044575,248269,254953,18350,2280069741,172508,2373728041,76529,2177152175,104214,1106788568,21507,1041858011,532253740
101750,755343,782499,53515,131942,192941,63363,50454,1880945831,251053,254540,18416,2286990611,127929,2378901556,71257,2186356571,100823,1109026924,22944,1044751345,537080383
102000,799910,773031,54262,139907,143198,63599,49844,1884858255,255230,259988,18381,2294397274,136674,2385962877,72644,2195222709,102324,1112189473,21835,1048213382,535323814
102250,832074,809305,55457,138855,144072,62068,45457,1888101285,253474,322330,18569,2301515484,134507,2391829492,78171,2204146478,108185,1115595175,21882,1051591835,536218854
102500,817146,821944,53759,132664,142283,58833,44528,1891157058,257464,264606,18467,2308745242,132766,2398954257,73258,2212341088,99754,1117728461,23075,1055119757,535135661
102750,767025,881777,53632,152378,142565,76420,49384,1895300021,260553,262687,18785,2315704014,190511,2405398018,76927,2221499752,101245,1121305237,22280,1058839083,536633279
103000,807821,854274,54102,139700,141109,68336,51632,1899250667,257200,272858,18381,2323834738,132615,2410264759,85824,2231703758,111527,1123307949,22400,1061947999,540721866
103250,812223,860429,54113,135281,137073,67223,48461,1902674672,257595,275090,18411,2331248484,125433,2416541033,85393,2240691045,100425,1132514606,22971,1065818051,539658749
103500,769223,1004683,54517,143005,140700,60506,49905,1905053921,264962,281111,18420,2338939171,125407,2418370717,101076,2252334098,102708,1129574777,20431,1068739348,541246671
103750,827550,969890,54751,138168,180696,51968,46722,1907559732,254549,286133,18455,2346875758,123585,2423057933,88713,2259730718,116524,1130615082,21871,1072627369,541677104
104000,770275,934303,54482,144020,150317,43446,46820,1910319406,260405,311041,18402,2350429484,120314,2428036809,79334,2266896018,104177,1134454560,20438,1076335649,543362602
104250,801782,980941,56786,140336,148105,34853,49054,1913960054,254600,334764,18442,2352486140,122209,2434757435,89298,2271490301,101361,1135698174,19119,1081031412,545463647
104500,357054,509463,25917,63828,71839,17693,36525,888880678,111223,168539,8561,1092692514,50873,1141821884,38182,1056083151,47151,528184823,12247,506336850,253016589

